DOI,Title,journal,doc_type,url,authors,Date_Received,Date_Accepted,Date_online,Acceptance_Time,Countries
https://doi.org/10.1016/j.tmaid.2020.101693,Incidence of coronavirus disease (COVID-19) and countries affected by malarial infections,Travel Medicine and Infectious Disease,article,http://www.sciencedirect.com/science/article/pii/S1477893920301617,Anwar E. Ahmed,2020-03-25,2020-04-21,2020-04-22,28 days 00:00:00.000000000,{'United States'}
https://doi.org/10.1016/j.tmaid.2020.101624,Testing the repatriated for SARS-Cov2: Should laboratory-based quarantine replace traditional quarantine?,Travel Medicine and Infectious Disease,article,http://www.sciencedirect.com/science/article/pii/S1477893920300922,Jean Christophe Lagier and Philippe Colson and Hervé Tissot Dupont and Jérôme Salomon and Barbara Doudier and Camille Aubry and Frédérique Gouriet and Sophie Baron and Pierre Dudouet and Rémi Flores and Lucie Ailhaud and Philippe Gautret and Philippe Parola and Bernard La Scola and Didier Raoult and Philippe Brouqui,2020-03-05,2020-03-12,2020-03-14,8 days 00:00:00.000000000,{'France'}
https://doi.org/10.1016/j.tmaid.2020.101613,COVID-19 in Latin America: The implications of the first confirmed case in Brazil,Travel Medicine and Infectious Disease,article,http://www.sciencedirect.com/science/article/pii/S1477893920300806,Alfonso J. Rodriguez-Morales and Viviana Gallego and Juan Pablo Escalera-Antezana and Claudio A. Méndez and Lysien I. Zambrano and Carlos Franco-Paredes and Jose A. Suárez and Hernan D. Rodriguez-Enciso and Graciela Josefina Balbin-Ramon and Eduardo Savio-Larriera and Alejandro Risquez and Sergio Cimerman,2020-02-27,2020-02-28,2020-02-29,2 days 00:00:00.000000000,"{'Peru', 'Venezuela, Bolivarian Republic of', 'Chile', 'Argentina', 'Panama', 'Paraguay', 'Honduras', 'Mexico', 'Brazil', 'Uruguay', 'Bolivia, Plurinational State of'}"
https://doi.org/10.1016/j.tmaid.2020.101752,Invasive pulmonary aspergillosis complicating SARS-CoV-2 pneumonia: A diagnostic challenge,Travel Medicine and Infectious Disease,article,http://www.sciencedirect.com/science/article/pii/S1477893920302313,Spinello Antinori and Roberto Rech and Laura Galimberti and Antonio Castelli and Elena Angeli and Tommaso Fossali and Davide Bernasconi and Alice Covizzi and Cecilia Bonazzetti and Alessandro Torre and Luca Carsana and Cristina Tonello and Pietro Zerbi and Manuela Nebuloni,2020-04-02,2020-05-24,2020-05-26,53 days 00:00:00.000000000,{'Italy'}
https://doi.org/10.1016/j.tmaid.2020.101666,"Anosmia in a healthcare worker with COVID-19 in Madrid, Spain",Travel Medicine and Infectious Disease,article,http://www.sciencedirect.com/science/article/pii/S1477893920301344,Maria Fernanda Ollarves-Carrero and Andrea G. Rodriguez-Morales and D. Katterine Bonilla-Aldana and Alfonso J. Rodriguez-Morales,,,2030-12-12,,
https://doi.org/10.1016/j.tmaid.2020.101642,Sars-Cov-2: Underestimated damage to nervous system,Travel Medicine and Infectious Disease,article,http://www.sciencedirect.com/science/article/pii/S1477893920301101,Lingyan Zhou and Meng Zhang and Jing Wang and Jing Gao,2020-03-09,2020-03-20,2020-03-24,12 days 00:00:00.000000000,{'China'}
https://doi.org/10.1016/j.tmaid.2020.101816,"Potential transmission of SARS-CoV-2 on a flight from Singapore to Hanghzou, China: An epidemiological investigation",Travel Medicine and Infectious Disease,article,http://www.sciencedirect.com/science/article/pii/S1477893920303124,Junfang Chen and Hanqing He and Wei Cheng and Yan Liu and Zhou Sun and Chengliang Chai and Qingxin Kong and Wanwan Sun and Jiaqi Zhang and Song Guo and Xuguang Shi and Jinna Wang and Enfu Chen and Zhiping Chen,2020-03-25,2020-06-29,2020-07-06,97 days 00:00:00.000000000,{'China'}
https://doi.org/10.1016/j.tmaid.2020.101575,"Coronavirus infections reported by ProMED, February 2000–January 2020",Travel Medicine and Infectious Disease,article,http://www.sciencedirect.com/science/article/pii/S1477893920300259,D. Katterine Bonilla-Aldana and Yeimer Holguin-Rivera and Isabella Cortes-Bonilla and María C. Cardona-Trujillo and Alejandra García-Barco and Hugo A. Bedoya-Arias and Ali A. Rabaan and Ranjit Sah and Alfonso J. Rodriguez-Morales,2020-01-27,2020-02-04,2020-02-06,9 days 00:00:00.000000000,"{'Colombia', 'Nepal', 'Saudi Arabia'}"
https://doi.org/10.1016/j.tmaid.2020.101654,"Epidemiology of 2019 novel coronavirus in Jiangsu Province, China after wartime control measures: A population-level retrospective study",Travel Medicine and Infectious Disease,article,http://www.sciencedirect.com/science/article/pii/S1477893920301228,Ke-wei Wang and Jie Gao and Hua Wang and Xiao-long Wu and Qin-fang Yuan and Fei-yu Guo and Zhi-jie Zhang and Yang Cheng,2020-03-12,2020-03-27,2020-04-05,16 days 00:00:00.000000000,{'China'}
https://doi.org/10.1016/j.tmaid.2020.101789,"A 6 months old infant with fever, dyspnea and poor feeding, diagnosed with COVID-19",Travel Medicine and Infectious Disease,article,http://www.sciencedirect.com/science/article/pii/S1477893920302799,Ramezan Jafari and Luca Cegolon and Mohammad Torkaman and Mandana Kashaki and Fatemeh Dehghanpoor and Fatemeh Cheraghalipoor and Mohammad Javanbakht,2020-04-01,2020-06-11,2020-06-12,72 days 00:00:00.000000000,"{'Italy', 'Iran, Islamic Republic of'}"
https://doi.org/10.1016/j.tmaid.2020.101736,Refugees besieged: The lurking threat of COVID-19 in Syrian war refugee camps,Travel Medicine and Infectious Disease,article,http://www.sciencedirect.com/science/article/pii/S1477893920302155,Issmat I. Kassem,2020-04-09,2020-04-30,2020-05-05,22 days 00:00:00.000000000,{'Lebanon'}
https://doi.org/10.1016/j.tmaid.2020.101678,Tocilizumab: A new opportunity in the possible therapeutic arsenal against COVID-19,Travel Medicine and Infectious Disease,article,http://www.sciencedirect.com/science/article/pii/S1477893920301460,Yeimer Ortiz-Martínez,2020-04-04,2020-04-15,2020-04-20,12 days 00:00:00.000000000,{'Colombia'}
https://doi.org/10.1016/j.tmaid.2020.101619,Positive result of Sars-Cov-2 in sputum from a cured patient with COVID-19,Travel Medicine and Infectious Disease,article,http://www.sciencedirect.com/science/article/pii/S1477893920300879,Ye-Min Qu and En-Ming Kang and Hai-Yan Cong,2030-12-12,2030-12-12,2020-04-20,,{'China'}
https://doi.org/10.1016/j.tmaid.2020.101623,"Clinical, laboratory and imaging features of COVID-19: A systematic review and meta-analysis",Travel Medicine and Infectious Disease,article,http://www.sciencedirect.com/science/article/pii/S1477893920300910,Alfonso J. Rodriguez-Morales and Jaime A. Cardona-Ospina and Estefanía Gutiérrez-Ocampo and Rhuvi Villamizar-Peña and Yeimer Holguin-Rivera and Juan Pablo Escalera-Antezana and Lucia Elena Alvarado-Arnez and D. Katterine Bonilla-Aldana and Carlos Franco-Paredes and Andrés F. Henao-Martinez and Alberto Paniz-Mondolfi and Guillermo J. Lagos-Grisales and Eduardo Ramírez-Vallejo and Jose A. Suárez and Lysien I. Zambrano and Wilmer E. Villamil-Gómez and Graciela J. Balbin-Ramon and Ali A. Rabaan and Harapan Harapan and Kuldeep Dhama and Hiroshi Nishiura and Hiromitsu Kataoka and Tauseef Ahmad and Ranjit Sah,2020-04-30,2020-07-01,2020-07-04,63 days 00:00:00.000000000,{'China'}
https://doi.org/10.1016/j.tmaid.2020.101703,Can Google® trends predict COVID-19 incidence and help preparedness? The situation in Colombia,Travel Medicine and Infectious Disease,article,http://www.sciencedirect.com/science/article/pii/S147789392030171X,Yeimer Ortiz-Martínez and Juan Esteban Garcia-Robledo and Danna L. Vásquez-Castañeda and D. Katterine Bonilla-Aldana and Alfonso J. Rodriguez-Morales,2020-04-12,2020-04-23,2020-04-28,12 days 00:00:00.000000000,{'Colombia'}
https://doi.org/10.1016/j.tmaid.2020.101791,"Outcomes of 3,737 COVID-19 patients treated with hydroxychloroquine/azithromycin and other regimens in Marseille, France: A retrospective analysis",Travel Medicine and Infectious Disease,article,http://www.sciencedirect.com/science/article/pii/S1477893920302817,Jean-Christophe Lagier and Matthieu Million and Philippe Gautret and Philippe Colson and Sébastien Cortaredona and Audrey Giraud-Gatineau and Stéphane Honoré and Jean-Yves Gaubert and Pierre-Edouard Fournier and Hervé Tissot-Dupont and Eric Chabrière and Andreas Stein and Jean-Claude Deharo and Florence Fenollar and Jean-Marc Rolain and Yolande Obadia and Alexis Jacquier and Bernard La Scola and Philippe Brouqui and Michel Drancourt and Philippe Parola and Didier Raoult and Sophie Amrane and Camille Aubry and Matthieu Bardou and Cyril Berenger and Laurence Camoin-Jau and Nadim Cassir and Claire Decoster and Catherine Dhiver and Barbara Doudier and Sophie Edouard and Stéphanie Gentile and Katell Guillon-Lorvellec and Marie Hocquart and Anthony Levasseur and Morgane Mailhe and Isabelle Ravaux and Magali Richez and Yanis Roussel and Piseth Seng and Christelle Tomei and Christine Zandotti,2020-05-27,2020-06-14,2020-06-25,19 days 00:00:00.000000000,{'France'}
https://doi.org/10.1016/j.tmaid.2020.101751,Efficacy of face mask in preventing respiratory virus transmission: A systematic review and meta-analysis,Travel Medicine and Infectious Disease,article,http://www.sciencedirect.com/science/article/pii/S1477893920302301,Mingming Liang and Liang Gao and Ce Cheng and Qin Zhou and John Patrick Uy and Kurt Heiner and Chenyu Sun,2020-03-31,2020-05-20,2020-05-28,51 days 00:00:00.000000000,"{'Germany', 'China', 'United States'}"
https://doi.org/10.1016/j.tmaid.2020.101689,The reproductive number R0 of COVID-19 in Peru: An opportunity for effective changes,Travel Medicine and Infectious Disease,article,http://www.sciencedirect.com/science/article/pii/S1477893920301575,J. Smith Torres-Roman and Ilia Cabos Kobiak and Bryan Valcarcel and Cristian Diaz-Velez and Carlo La Vecchia,2020-03-28,2020-04-18,2020-04-20,22 days 00:00:00.000000000,"{'Peru', 'Italy', 'Spain', 'United States'}"
https://doi.org/10.1016/j.tmaid.2020.101620,Importing coronavirus disease 2019 (COVID-19) into China after international air travel,Travel Medicine and Infectious Disease,article,http://www.sciencedirect.com/science/article/pii/S1477893920300880,Xiao-Ai Zhang and Hang Fan and Run-Zi Qi and Wei Zheng and Kui Zheng and Jian-Hang Gong and Li-Qun Fang and Wei Liu,2020-03-06,2020-03-09,2020-03-25,4 days 00:00:00.000000000,{'China'}
https://doi.org/10.1016/j.tmaid.2020.101677,Challenges of managing the asymptomatic carriers of SARS-CoV-2,Travel Medicine and Infectious Disease,article,http://www.sciencedirect.com/science/article/pii/S1477893920301459,Farid Rahimi and Amin Talebi Bezmin Abadi,2020-03-10,2020-04-15,2020-04-18,37 days 00:00:00.000000000,"{'Australia', 'Iran, Islamic Republic of'}"
https://doi.org/10.1016/j.tmaid.2020.101653,Clinical features of the first cases and a cluster of Coronavirus Disease 2019 (COVID-19) in Bolivia imported from Italy and Spain,Travel Medicine and Infectious Disease,article,http://www.sciencedirect.com/science/article/pii/S1477893920301216,Juan Pablo Escalera-Antezana and Nicolas Freddy Lizon-Ferrufino and Americo Maldonado-Alanoca and Gricel Alarcón-De-la-Vega and Lucia Elena Alvarado-Arnez and María Alejandra Balderrama-Saavedra and D. Katterine Bonilla-Aldana and Alfonso J. Rodríguez-Morales,,,2030-12-12,,
https://doi.org/10.1016/j.tmaid.2020.101705,A COVID-19 case in Libya acquired in Saudi Arabia,Travel Medicine and Infectious Disease,article,http://www.sciencedirect.com/science/article/pii/S1477893920301733,Muhammed Elhadi and Ahmed Abdulhakim Momen and Osama Mohamed Ali Senussi Abdulhadi,2020-04-08,2020-04-24,2020-05-01,17 days 00:00:00.000000000,{'Libya'}
https://doi.org/10.1016/j.tmaid.2020.101574,"Maps, masks and media – Traveller and practitioner resources for 2019 novel coronavirus (2019-nCoV) acute respiratory virus",Travel Medicine and Infectious Disease,article,http://www.sciencedirect.com/science/article/pii/S1477893920300247,Jane Chiodini,2020-02-04,2020-02-04,2020-02-07,1 days 00:00:00.000000000,{'United Kingdom'}
https://doi.org/10.1016/j.tmaid.2020.101788,Safe use of hydroxychloroquine and its combination with azithromycin in the context of Sars-CoV-2 outbreak: Clinical experience in a Belgian tertiary center,Travel Medicine and Infectious Disease,article,http://www.sciencedirect.com/science/article/pii/S1477893920302787,Lucie Pothen and Halil Yildiz and Julien De Greef and Andrea Penaloza and Christophe Beauloye and Leila Belkhir and Jean Cyr Yombi,,,2030-12-12,,
https://doi.org/10.1016/j.tmaid.2020.101735,Therapeutic use of chloroquine and hydroxychloroquine in COVID-19 and other viral infections: A narrative review,Travel Medicine and Infectious Disease,article,http://www.sciencedirect.com/science/article/pii/S1477893920302143,Anwar M. Hashem and Badrah S. Alghamdi and Abdullah A. Algaissi and Fahad S. Alshehri and Abdullah Bukhari and Mohamed A. Alfaleh and Ziad A. Memish,2030-12-12,2030-12-12,2030-12-12,,{'India'}
https://doi.org/10.1016/j.tmaid.2020.101649,COVID-19 in children: More than meets the eye,Travel Medicine and Infectious Disease,article,http://www.sciencedirect.com/science/article/pii/S1477893920301174,Stefan H.F. Hagmann,2020-03-25,2020-03-26,2020-03-28,2 days 00:00:00.000000000,{'United States'}
https://doi.org/10.1016/j.tmaid.2020.101622,COVID 19: Will the 2020 Hajj pilgrimage and Tokyo Olympic Games be cancelled?,Travel Medicine and Infectious Disease,article,http://www.sciencedirect.com/science/article/pii/S1477893920300909,Philippe Gautret and Jaffar A. Al-Tawfiq and Van Thuan Hoang,2020-03-06,2020-03-10,2020-03-11,5 days 00:00:00.000000000,"{'Viet Nam', 'France', 'United States'}"
https://doi.org/10.1016/j.tmaid.2020.101790,Temperature and the difference in impact of SARS CoV-2 infection (COVID-19) between tropical and non-tropical regions in Taiwan,Travel Medicine and Infectious Disease,article,http://www.sciencedirect.com/science/article/pii/S1477893920302805,Yu-Lung Hsu and Hsiao-Chuan Lin and Hsiu-Mei Wei and Huan-Cheng Lai and Kao-Pin Hwang,2020-04-16,2020-06-11,2020-06-13,57 days 00:00:00.000000000,"{'Taiwan, Province of China'}"
https://doi.org/10.1016/j.tmaid.2020.101663,Clinical and microbiological effect of a combination of hydroxychloroquine and azithromycin in 80 COVID-19 patients with at least a six-day follow up: A pilot observational study,Travel Medicine and Infectious Disease,article,http://www.sciencedirect.com/science/article/pii/S1477893920301319,Philippe Gautret and Jean-Christophe Lagier and Philippe Parola and Van Thuan Hoang and Line Meddeb and Jacques Sevestre and Morgane Mailhe and Barbara Doudier and Camille Aubry and Sophie Amrane and Piseth Seng and Marie Hocquart and Carole Eldin and Julie Finance and Vera Esteves Vieira and Hervé Tissot Tissot-Dupont and Stéphane Honoré and Andreas Stein and Matthieu Million and Philippe Colson and Bernard La Scola and Véronique Veit and Alexis Jacquier and Jean-Claude Deharo and Michel Drancourt and Pierre Edouard Fournier and Jean-Marc Rolain and Philippe Brouqui and Didier Raoult,2020-04-03,2020-04-04,2020-04-11,2 days 00:00:00.000000000,"{'Viet Nam', 'France'}"
https://doi.org/10.1016/j.tmaid.2020.101686,Travel rush during Chinese Spring Festival and the 2019-nCoV,Travel Medicine and Infectious Disease,article,http://www.sciencedirect.com/science/article/pii/S147789392030154X,Juan Chen and Zhan-hui Feng and Lan Ye and Yong-ran Cheng and Meng-Yun Zhou and Yafei Li and Chong Du and Liansheng Wang and Ming-Wei Wang,2020-02-06,2020-04-17,2020-04-22,72 days 00:00:00.000000000,{'China'}
https://doi.org/10.1016/j.tmaid.2020.101746,Will the Colombian intensive care units collapse due to the COVID-19 pandemic?,Travel Medicine and Infectious Disease,article,http://www.sciencedirect.com/science/article/pii/S1477893920302258,Diego Andres Díaz-Guio and Wilmer E. Villamil-Gómez and Luis Dajud and Carlos E. Pérez-Díaz and D. Katterine Bonilla-Aldana and Alvaro Mondragon-Cardona and Jaime A. Cardona-Ospina and José F. Gómez and Alfonso J. Rodríguez-Morales,2020-05-06,2020-05-14,2020-05-16,9 days 00:00:00.000000000,{'Colombia'}
https://doi.org/10.1016/j.tmaid.2020.101787,Reflection on SARS-CoV-2 infection of container ship seafarers,Travel Medicine and Infectious Disease,article,http://www.sciencedirect.com/science/article/pii/S1477893920302775,Qi Dai and Supei Hu and Kun Yan and Zhang Chen and Bin Chen and Ting Cai and Shun Zhang and Jingfeng Zhang and Jianjun Zheng,2020-04-13,2020-06-08,2020-06-09,57 days 00:00:00.000000000,{'China'}
https://doi.org/10.1016/j.tmaid.2020.101660,"Incidence of novel coronavirus (2019-nCoV) infection among people under home quarantine in Shenzhen, China",Travel Medicine and Infectious Disease,article,http://www.sciencedirect.com/science/article/pii/S1477893920301289,Jingzhong Wang and Yi Liao and Xiaoyang Wang and Yichong Li and Dan Jiang and Jianfan He and Shunxiang Zhang and Junjie Xia,2020-03-09,2020-04-01,2020-04-02,24 days 00:00:00.000000000,{'China'}
https://doi.org/10.1016/j.tmaid.2020.101636,YouTube as source of information on 2019 novel coronavirus outbreak: a cross sectional study of English and Mandarin content,Travel Medicine and Infectious Disease,article,http://www.sciencedirect.com/science/article/pii/S1477893920301046,Priyanka Khatri and Shweta R Singh and Neeta Kesu Belani and Yin Leng Yeong and Rahul Lohan and Yee Wei Lim and Winnie ZY Teo,2020-02-13,2020-03-19,2020-03-20,36 days 00:00:00.000000000,{'Singapore'}
https://doi.org/10.1016/j.tmaid.2020.101664,"A cross-sectional comparison of epidemiological and clinical features of patients with coronavirus disease (COVID-19) in Wuhan and outside Wuhan, China",Travel Medicine and Infectious Disease,article,http://www.sciencedirect.com/science/article/pii/S1477893920301320,Ziying Lei and Huijuan Cao and Yusheng Jie and Zhanlian Huang and Xiaoyan Guo and Junfeng Chen and Liang Peng and Hong Cao and Xiaoling Dai and Jing Liu and Xuejun Li and Jianyun Zhu and Wenxiong Xu and Dabiao Chen and Zhiliang Gao and Jian-Rong He and Bing-Liang Lin,2020-03-07,2020-04-05,2020-04-09,30 days 00:00:00.000000000,"{'China', 'United Kingdom'}"
https://doi.org/10.1016/j.tmaid.2020.101810,Traditional Chinese Herbal Medication for corona-virus 2019,Travel Medicine and Infectious Disease,article,http://www.sciencedirect.com/science/article/pii/S1477893920303069,Amir Hassan,2020-04-03,2020-06-22,2020-06-25,81 days 00:00:00.000000000,{'Pakistan'}
https://doi.org/10.1016/j.tmaid.2020.101652,"Corona virus infection in Syria, Libya and Yemen; an alarming devastating threat",Travel Medicine and Infectious Disease,article,http://www.sciencedirect.com/science/article/pii/S1477893920301204,Mohamed A. Daw,2020-03-23,2020-03-27,2020-04-02,5 days 00:00:00.000000000,{'Libya'}
https://doi.org/10.1016/j.tmaid.2020.101573,Fatal human coronavirus 229E (HCoV-229E) and RSV–Related pneumonia in an AIDS patient from Colombia,Travel Medicine and Infectious Disease,article,http://www.sciencedirect.com/science/article/pii/S1477893920300235,Wilmer E. Villamil-Gómez and Álvaro Sánchez and Libardo Gelis and Luz Alba Silvera and Juliana Barbosa and Octavio Otero-Nader and Carlos David Bonilla-Salgado and Alfonso J. Rodríguez-Morales,,,2030-12-12,,{'Colombia'}
https://doi.org/10.1016/j.tmaid.2020.101733,"COVID-19 in Brazil: Historical cases, disease milestones, and estimated outbreak peak",Travel Medicine and Infectious Disease,article,http://www.sciencedirect.com/science/article/pii/S147789392030212X,Tamires D.A. Serdan and Laureane N. Masi and Renata Gorjao and Tania C. Pithon-Curi and Rui Curi and Sandro M. Hirabara,2020-04-03,2020-04-29,2020-05-12,27 days 00:00:00.000000000,{'Brazil'}
https://doi.org/10.1016/j.tmaid.2020.101704,Mobile phones represent a pathway for microbial transmission: A scoping review,Travel Medicine and Infectious Disease,article,http://www.sciencedirect.com/science/article/pii/S1477893920301721,Matthew Olsen and Mariana Campos and Anna Lohning and Peter Jones and John Legget and Alexandra Bannach-Brown and Simon McKirdy and Rashed Alghafri and Lotti Tajouri,2020-03-26,2020-04-24,2020-04-28,30 days 00:00:00.000000000,"{'Australia', 'United Arab Emirates'}"
https://doi.org/10.1016/j.tmaid.2020.101608,Asymptomatic coronavirus infection: MERS-CoV and SARS-CoV-2 (COVID-19),Travel Medicine and Infectious Disease,article,http://www.sciencedirect.com/science/article/pii/S1477893920300752,Jaffar A. Al-Tawfiq,2020-04-24,2020-06-04,2020-07-02,42 days 00:00:00.000000000,"{'United Kingdom', 'India', 'United States'}"
https://doi.org/10.1016/j.tmaid.2020.101647,Remdesivir for severe acute respiratory syndrome coronavirus 2 causing COVID-19: An evaluation of the evidence,Travel Medicine and Infectious Disease,article,http://www.sciencedirect.com/science/article/pii/S1477893920301162,Yu-chen Cao and Qi-xin Deng and Shi-xue Dai,2020-03-05,2020-03-26,2020-04-02,22 days 00:00:00.000000000,{'China'}
https://doi.org/10.1016/j.tmaid.2020.101822,Controlling the COVID-19 pandemic: Useful lessons from Vietnam,Travel Medicine and Infectious Disease,article,http://www.sciencedirect.com/science/article/pii/S1477893920303185,Thi Loi Dao and The Diep Nguyen and Van Thuan Hoang,2020-07-08,2020-07-09,2020-07-09,2 days 00:00:00.000000000,{'Viet Nam'}
https://doi.org/10.1016/j.tmaid.2020.101628,Is Romania ready to face the novel coronavirus (COVID-19) outbreak? The role of incoming travelers and that of Romanian diaspora,Travel Medicine and Infectious Disease,article,http://www.sciencedirect.com/science/article/pii/S147789392030096X,Iulian Gherghel and Mihai Bulai,2020-02-24,2020-03-12,2020-03-14,18 days 00:00:00.000000000,{'Norway'}
https://doi.org/10.1016/j.tmaid.2020.101662,"COVID-19 in a tertiary hospital from Romania: Epidemiology, preparedness and clinical challenges",Travel Medicine and Infectious Disease,article,http://www.sciencedirect.com/science/article/pii/S1477893920301307,Corneliu Petru Popescu and Alexandru Marin and Violeta Melinte and George Sebastian Gherlan and Filofteia Cojanu Banicioiu and Adelina Dogaru and Sebastian Smadu and Ana Maria Veja and Elena Nedu and Delia Stanciu and Bianca Voinescu and Valentina Simion and Andreea Toderan and Amalia Dascalu and Corina Oprisan and Gratiela Tardei and Maria Nica and Emanoil Ceausu and Simona Maria Ruta and Simin Aysel Florescu,,,2030-12-12,,
https://doi.org/10.1016/j.tmaid.2020.101784,SARS-COV-2 infection: Across the border into the family,Travel Medicine and Infectious Disease,article,http://www.sciencedirect.com/science/article/pii/S147789392030274X,Spinello Antinori and Alessandro Torre and Carolina Antinori and Cecilia Bonazzetti and Salvatore Sollima and Anna Lisa Ridolfo and Massimo Galli,2020-05-02,2020-06-06,2020-06-08,36 days 00:00:00.000000000,{'Italy'}
https://doi.org/10.1016/j.tmaid.2020.101617,COVID-19 – the role of mass gatherings,Travel Medicine and Infectious Disease,article,http://www.sciencedirect.com/science/article/pii/S1477893920300855,Shahul H. Ebrahim and Ziad A. Memish,2030-12-12,2030-12-12,2020-07-14,,{'United States'}
https://doi.org/10.1016/j.tmaid.2020.101702,"Healthcare workers' and students' knowledge regarding the transmission, epidemiology and symptoms of COVID-19 in 41 cities of Bolivia and Colombia",Travel Medicine and Infectious Disease,article,http://www.sciencedirect.com/science/article/pii/S1477893920301708,Juan Pablo Escalera-Antezana and Pedro Ezequiel Cerruto-Zelaya and Mijael Apaza-Huasco and Sarah Herminia Miranda-Rojas and Carlos Alfredo Flores-Cárdenas and Luisa Rivera-Zabala and Julia Rosa Olmos-Machicado and Valeria Alvarez-Amaya and Domenica Acevedo-López and Valentina Valencia-Gallego and Camila López-Echeverri and Eliana Vallejo-Atehortua and Valentina González-Patiño and Danna L. Vásquez-Castañeda and Luisa M. García-Zuluaga and Isabella Cortés-Bonilla and Isaac López-Bueno and Wilmer E. Villamil-Gómez and José Maria Otero-Florez and Carlos Enrique Toscano-Lobo and Gloria Maria González and Diego Andres Díaz-Guio and Alfonso J. Rodríguez-Morales,2020-04-07,2020-04-23,2020-04-28,17 days 00:00:00.000000000,"{'Colombia', 'Bolivia, Plurinational State of'}"
https://doi.org/10.1016/j.tmaid.2020.101567,"The next big threat to global health? 2019 novel coronavirus (2019-nCoV): What advice can we give to travellers? – Interim recommendations January 2020, from the Latin-American society for Travel Medicine (SLAMVI)",Travel Medicine and Infectious Disease,article,http://www.sciencedirect.com/science/article/pii/S147789392030017X,Cristian Biscayart and Patricia Angeleri and Susana Lloveras and Tânia do Socorro Souza Chaves and Patricia Schlagenhauf and Alfonso J. Rodríguez-Morales,2020-01-28,2020-01-28,2020-01-30,1 days 00:00:00.000000000,"{'Switzerland', 'Colombia', 'Argentina', 'Brazil'}"
https://doi.org/10.1016/j.tmaid.2020.101607,COVID-19: Zoonotic aspects,Travel Medicine and Infectious Disease,article,http://www.sciencedirect.com/science/article/pii/S1477893920300740,Tauseef Ahmad and Muhammad Khan and  Haroon and Taha Hussein Musa and Saima Nasir and Jin Hui and D.Katterine Bonilla-Aldana and Alfonso J. Rodriguez-Morales,2020-05-10,2020-07-04,2020-07-20,56 days 00:00:00.000000000,"{'Malaysia', 'India', 'United States', 'Thailand'}"
https://doi.org/10.1016/j.tmaid.2020.101745,A family cluster of COVID-19 involving an asymptomatic case with persistently positive SARS-CoV-2 in anal swabs,Travel Medicine and Infectious Disease,article,http://www.sciencedirect.com/science/article/pii/S1477893920302246,Rui Huang and Haiyan Zhao and Jian Wang and Xiaomin Yan and Huaping Shao and Chao Wu,2020-03-18,2020-05-13,2020-05-16,57 days 00:00:00.000000000,{'China'}
https://doi.org/10.1016/j.tmaid.2020.101572,"What goes on board aircraft? Passengers include Aedes, Anopheles, 2019-nCoV, dengue, Salmonella, Zika, et al",Travel Medicine and Infectious Disease,article,http://www.sciencedirect.com/science/article/pii/S1477893920300223,Mary E. Wilson,2020-02-04,2020-02-04,2020-02-05,1 days 00:00:00.000000000,{'unknown'}
https://doi.org/10.1016/j.tmaid.2020.101659,COVID-19 and dengue fever: A dangerous combination for the health system in Brazil,Travel Medicine and Infectious Disease,article,http://www.sciencedirect.com/science/article/pii/S1477893920301277,Camila Lorenz and Thiago S. Azevedo and Francisco Chiaravalloti-Neto,2020-03-28,2020-03-31,2020-04-09,4 days 00:00:00.000000000,{'Brazil'}
https://doi.org/10.1016/j.tmaid.2020.101764,Hydroxychloroquine-azithromycin for COVID-19 – Warranted or dangerous?,Travel Medicine and Infectious Disease,article,http://www.sciencedirect.com/science/article/pii/S1477893920302520,Corneliu P. Popescu and Philip R. Fischer,2030-12-12,2030-12-12,2020-07-20,,{'unknown'}
https://doi.org/10.1016/j.tmaid.2020.101711,Prevalence and fatality rates of COVID-19: What are the reasons for the wide variations worldwide?,Travel Medicine and Infectious Disease,article,http://www.sciencedirect.com/science/article/pii/S1477893920301794,Jaffar A. Al-Tawfiq and Roberto Leonardi and Gino Fasoli and Daniele Rigamonti,2020-03-31,2020-04-25,2020-04-29,26 days 00:00:00.000000000,"{'Italy', 'United States'}"
https://doi.org/10.1016/j.tmaid.2020.101635,Buffer areas in emergency department to handle potential COVID-19 community infection in Taiwan,Travel Medicine and Infectious Disease,article,http://www.sciencedirect.com/science/article/pii/S1477893920301034,Tren-Yi Chen and Huei-Wen Lai and I-Lun Hou and Ching-Hsiung Lin and Mu-Kuan Chen and Chu-Chung Chou and Yan-Ren Lin,2020-03-13,2020-03-18,2020-03-20,6 days 00:00:00.000000000,"{'Taiwan, Province of China'}"
https://doi.org/10.1016/j.tmaid.2020.101699,The effect of uncontrolled travelers and social distancing on the spread of novel coronavirus disease (COVID-19) in Colombia,Travel Medicine and Infectious Disease,article,http://www.sciencedirect.com/science/article/pii/S1477893920301678,David Gómez-Ríos and Diego Ramirez-Malule and Howard Ramirez-Malule,2020-03-21,2020-04-23,2020-04-25,34 days 00:00:00.000000000,"{'Colombia', 'Bangladesh'}"
https://doi.org/10.1016/j.tmaid.2020.101675,Coronavirus Disease 2019 (COVID-19) and healthcare-associated infections: Emerging and future challenges for public health in Brazil,Travel Medicine and Infectious Disease,article,http://www.sciencedirect.com/science/article/pii/S1477893920301435,Rosineide Marques Ribas and Paola Amaral de Campos and Cristiane Silveira de Brito and Paulo Pinto Gontijo-Filho,2020-03-25,2020-04-14,2020-04-17,21 days 00:00:00.000000000,{'Brazil'}
https://doi.org/10.1016/j.tmaid.2020.101630,Mapping the incidence of the COVID-19 hotspot in Iran – Implications for Travellers,Travel Medicine and Infectious Disease,article,http://www.sciencedirect.com/science/article/pii/S1477893920300983,Zahra Arab-Mazar and Ranjit Sah and Ali A. Rabaan and Kuldeep Dhama and Alfonso J. Rodriguez-Morales,2020-03-10,2020-03-12,2020-03-14,3 days 00:00:00.000000000,"{'Nepal', 'India', 'Colombia', 'Iran, Islamic Republic of', 'Saudi Arabia'}"
https://doi.org/10.1016/j.tmaid.2020.101646,A search for medications to treat COVID-19 via in silico molecular docking models of the SARS-CoV-2 spike glycoprotein and 3CL protease,Travel Medicine and Infectious Disease,article,http://www.sciencedirect.com/science/article/pii/S1477893920301150,Donald C. Hall and Hai-Feng Ji,2020-03-07,2020-03-26,2020-04-12,20 days 00:00:00.000000000,{'United States'}
https://doi.org/10.1016/j.tmaid.2020.101568,The association between domestic train transportation and novel coronavirus (2019-nCoV) outbreak in China from 2019 to 2020: A data-driven correlational report,Travel Medicine and Infectious Disease,article,http://www.sciencedirect.com/science/article/pii/S1477893920300181,Shi Zhao and Zian Zhuang and Jinjun Ran and Jiaer Lin and Guangpu Yang and Lin Yang and Daihai He,2020-01-22,2020-01-28,2020-01-30,7 days 00:00:00.000000000,{'Hong Kong'}
https://doi.org/10.1016/j.tmaid.2020.101671,Modelling the epidemic spread of COVID-19 virus infection in Northern African countries,Travel Medicine and Infectious Disease,article,http://www.sciencedirect.com/science/article/pii/S1477893920301393,Mohamed A. Daw and Abdallah H. El-Bouzedi,2020-03-27,2020-04-14,2020-04-15,19 days 00:00:00.000000000,{'Libya'}
https://doi.org/10.1016/j.tmaid.2020.101672,A severe case with co-infection of SARS-CoV-2 and common respiratory pathogens,Travel Medicine and Infectious Disease,article,http://www.sciencedirect.com/science/article/pii/S147789392030140X,Xueting Ou and Liyang Zhou and Huanliang Huang and Yuebao Lin and Xingfei Pan and Dexiong Chen,2020-03-06,2020-05-13,2020-06-16,69 days 00:00:00.000000000,{'China'}
https://doi.org/10.1016/j.tmaid.2020.101762,How can physicians advise faith communities during the COVID-19 pandemic?,Travel Medicine and Infectious Disease,article,http://www.sciencedirect.com/science/article/pii/S1477893920302507,Stephen P. Merry and Rachel D. Havyer and Rozalina G. McCoy and Muhamad Y. Elrashidi and Philip R. Fischer,2020-04-30,2020-05-29,2020-06-01,30 days 00:00:00.000000000,{'United States'}
https://doi.org/10.1016/j.tmaid.2020.101685,SARS-CoV-2 and COVID-19: What are our options? Where should we focus our attention on to find new drugs and strategies?,Travel Medicine and Infectious Disease,article,http://www.sciencedirect.com/science/article/pii/S1477893920301538,Giuseppe Magro,2020-03-26,2020-04-17,2020-04-22,23 days 00:00:00.000000000,{'Italy'}
https://doi.org/10.1016/j.tmaid.2020.101713,"More data are required for incubation period, infectivity, and quarantine duration for COVID-19",Travel Medicine and Infectious Disease,article,http://www.sciencedirect.com/science/article/pii/S1477893920301812,Nevio Cimolai,2020-03-20,2020-04-25,2020-04-27,37 days 00:00:00.000000000,{'Bangladesh'}
https://doi.org/10.1016/j.tmaid.2020.101571,Outbreak of novel Corona virus (2019-nCoV); implications for travelers to Pakistan,Travel Medicine and Infectious Disease,article,http://www.sciencedirect.com/science/article/pii/S1477893920300211,Ubaid Ur Rahman Qureshi and Sadia Saleem and Aisha Khan and Muhammad Sohail Afzal and Muhammad Shahzad Ali and Haroon Ahmed,2020-01-29,2020-02-03,2020-02-04,6 days 00:00:00.000000000,"{'Pakistan', 'Turkey'}"
https://doi.org/10.1016/j.tmaid.2020.101629,"Viral loads of SARS-CoV, MERS-CoV and SARS-CoV-2 in respiratory specimens: What have we learned?",Travel Medicine and Infectious Disease,article,http://www.sciencedirect.com/science/article/pii/S1477893920300971,Jaffar A. Al-Tawfiq,2020-03-05,2020-03-12,2020-03-13,8 days 00:00:00.000000000,{'United States'}
https://doi.org/10.1016/j.tmaid.2020.101803,Mask wearing in pre-symptomatic patients prevents SARS-CoV-2 transmission: An epidemiological analysis,Travel Medicine and Infectious Disease,article,http://www.sciencedirect.com/science/article/pii/S1477893920302994,Lu-Xiao Hong and Aifen Lin and Ze-Bao He and Hai-Hong Zhao and Jian-Gang Zhang and Chao Zhang and Ling-Jun Ying and Zheng-Ming Ge and Xia Zhang and Qiu-Yue Han and Qiong-Yuan Chen and Yao-Han Ye and Jian-Sheng Zhu and Hai-Xiao Chen and Wei-Hua Yan,2020-04-27,2020-06-17,2020-06-24,52 days 00:00:00.000000000,{'China'}
https://doi.org/10.1016/j.tmaid.2020.101785,Serologic testing of coronaviruses from MERS-CoV to SARS-CoV-2: Learning from the past and anticipating the future,Travel Medicine and Infectious Disease,article,http://www.sciencedirect.com/science/article/pii/S1477893920302751,Jaffar A. Al-Tawfiq and Ziad A. Memish,2020-04-21,2020-06-08,2020-06-10,49 days 00:00:00.000000000,{'United States'}
https://doi.org/10.1016/j.tmaid.2020.101658,Repurposing antimalarials and other drugs for COVID-19,Travel Medicine and Infectious Disease,article,http://www.sciencedirect.com/science/article/pii/S1477893920301265,Patricia Schlagenhauf and Martin P. Grobusch and Julian D. Maier and Philippe Gautret,2020-04-23,2020-05-26,2020-05-26,34 days 00:00:00.000000000,"{'unknown', 'New Zealand', 'Japan'}"
https://doi.org/10.1016/j.tmaid.2020.101739,Incidence of the COVID-19 in Iraq – Implications for travellers,Travel Medicine and Infectious Disease,article,http://www.sciencedirect.com/science/article/pii/S1477893920302180,Maysaa Kadhim Al-Malkey and Maitham Ahmed Al-Sammak,2020-04-05,2020-05-06,2020-05-13,32 days 00:00:00.000000000,"{'Iraq', 'United States'}"
https://doi.org/10.1016/j.tmaid.2020.101604,The COVID-19 outbreak and implications for the Tokyo 2020 Summer Olympic Games,Travel Medicine and Infectious Disease,article,http://www.sciencedirect.com/science/article/pii/S1477893920300715,Viviana Gallego and Hiroshi Nishiura and Ranjit Sah and Alfonso J. Rodriguez-Morales,2020-02-20,2020-02-21,2020-02-26,2 days 00:00:00.000000000,"{'Nepal', 'Colombia', 'Japan', 'Argentina'}"
https://doi.org/10.1016/j.tmaid.2020.101632,"Rapid viral diagnosis and ambulatory management of suspected COVID-19 cases presenting at the infectious diseases referral hospital in Marseille, France, - January 31st to March 1st, 2020: A respiratory virus snapshot",Travel Medicine and Infectious Disease,article,http://www.sciencedirect.com/science/article/pii/S1477893920301009,Sophie Amrane and Hervé Tissot-Dupont and Barbara Doudier and Carole Eldin and Marie Hocquart and Morgane Mailhe and Pierre Dudouet and Etienne Ormières and Lucie Ailhaud and Philippe Parola and Jean-Christophe Lagier and Philippe Brouqui and Christine Zandotti and Laetitia Ninove and Léa Luciani and Céline Boschi and Bernard La Scola and Didier Raoult and Matthieu Million and Philippe Colson and Philippe Gautret,,,2030-12-12,,
https://doi.org/10.1016/j.tmaid.2020.101627,Clinical diagnostic value of CT imaging in COVID-19 with multiple negative RT-PCR testing,Travel Medicine and Infectious Disease,article,http://www.sciencedirect.com/science/article/pii/S1477893920300958,Wendong Hao and Manxiang Li,2020-02-16,2020-03-12,2020-03-13,26 days 00:00:00.000000000,{'China'}
https://doi.org/10.1016/j.tmaid.2020.101673,Detection and analysis of nucleic acid in various biological samples of COVID-19 patients,Travel Medicine and Infectious Disease,article,http://www.sciencedirect.com/science/article/pii/S1477893920301411,Jianguo Wu and Jiasheng Liu and Shijun Li and Zhiyang Peng and Zhe Xiao and Xufeng Wang and Ruicheng Yan and Jianfei Luo,2030-12-12,2030-12-12,2020-06-03,,"{'unknown', 'France'}"
https://doi.org/10.1016/j.tmaid.2020.101566,"SARS-CoV, MERS-CoV and now the 2019-novel CoV: Have we investigated enough about coronaviruses? – A bibliometric analysis",Travel Medicine and Infectious Disease,article,http://www.sciencedirect.com/science/article/pii/S1477893920300168,D. Katterine Bonilla-Aldana and Keidenis Quintero-Rada and Juan Pablo Montoya-Posada and Sebastian Ramírez-Ocampo and Alberto Paniz-Mondolfi and Ali A. Rabaan and Ranjit Sah and Alfonso J. Rodríguez-Morales,2020-01-25,2020-01-28,2020-01-30,4 days 00:00:00.000000000,"{'Nepal', 'Colombia', 'Nigeria', 'Saudi Arabia'}"
https://doi.org/10.1016/j.tmaid.2020.101759,Does spitting in public play a role in transmitting SARS-CoV-2?,Travel Medicine and Infectious Disease,article,http://www.sciencedirect.com/science/article/pii/S1477893920302465,Philippe Gautret and Philippe Colson and Jean-Christophe Lagier and Philippe Parola and Didier Raoult,2020-05-18,2020-05-27,2020-05-31,10 days 00:00:00.000000000,{'France'}
https://doi.org/10.1016/j.tmaid.2020.101802,Positive impact of lockdown on COVID-19 outbreak in Thailand,Travel Medicine and Infectious Disease,article,http://www.sciencedirect.com/science/article/pii/S1477893920302982,Sinsuda Dechsupa and Suvichada Assawakosri and Suphattra Phakham and Sittisak Honsawek,2020-05-11,2020-06-17,2020-06-19,38 days 00:00:00.000000000,{'Thailand'}
https://doi.org/10.1016/j.tmaid.2020.101743,"Testing Dilemmas: Post negative, positive SARS-CoV-2 RT-PCR – is it a reinfection?",Travel Medicine and Infectious Disease,article,http://www.sciencedirect.com/science/article/pii/S1477893920302222,Carlos A. Alvarez-Moreno and Alfonso J. Rodríguez-Morales,2020-05-07,2020-05-12,2020-05-15,6 days 00:00:00.000000000,{'Colombia'}
https://doi.org/10.1016/j.tmaid.2020.101755,"An update on SARS-CoV-2/COVID-19 with particular reference to its clinical pathology, pathogenesis, immunopathology and mitigation strategies",Travel Medicine and Infectious Disease,article,http://www.sciencedirect.com/science/article/pii/S1477893920302349,Kuldeep Dhama and Shailesh Kumar Patel and Mamta Pathak and Mohd Iqbal Yatoo and Ruchi Tiwari and Yashpal Singh Malik and Rajendra Singh and Ranjit Sah and Ali A. Rabaan and D. Katterine Bonilla-Aldana and Alfonso J. Rodriguez-Morales,2020-03-22,2020-05-26,2020-05-30,66 days 00:00:00.000000000,"{'Saudi Arabia', 'Nepal', 'Colombia', 'India'}"
https://doi.org/10.1016/j.tmaid.2020.101697,"Correspondence: Angiotensin-converting enzyme 2 coated nanoparticles containing respiratory masks, chewing gums and nasal filters may be used for protection against COVID-19 infection",Travel Medicine and Infectious Disease,article,http://www.sciencedirect.com/science/article/pii/S1477893920301654,Duygu Aydemir and Nuriye Nuray Ulusu,2020-04-01,2020-04-22,2020-04-23,22 days 00:00:00.000000000,{'Turkey'}
https://doi.org/10.1016/j.tmaid.2020.101641,Middle East Respiratory Syndrome Coronavirus (MERS-CoV) and COVID-19 infection during pregnancy,Travel Medicine and Infectious Disease,article,http://www.sciencedirect.com/science/article/pii/S1477893920301095,Jaffar A. Al-Tawfiq,2030-12-12,2030-12-12,2020-07-20,,"{'Saudi Arabia', 'United States'}"
https://doi.org/10.1016/j.tmaid.2020.101807,"Nosocomial outbreak of the Middle East Respiratory Syndrome coronavirus: A phylogenetic, epidemiological, clinical and infection control analysis",Travel Medicine and Infectious Disease,article,http://www.sciencedirect.com/science/article/pii/S1477893920303033,Mazin Barry and My VT. Phan and Layan Akkielah and Fahad Al-Majed and Abdulkarim Alhetheel and Ali Somily and Sarah Suliman Alsubaie and Scott JN. McNabb and Matthew Cotten and Alimuddin Zumla and Ziad A. Memish,2020-04-07,2020-06-22,2020-06-26,77 days 00:00:00.000000000,"{'Saudi Arabia', 'United Kingdom', 'United States'}"
https://doi.org/10.1016/j.tmaid.2020.101578,Going global – Travel and the 2019 novel coronavirus,Travel Medicine and Infectious Disease,article,http://www.sciencedirect.com/science/article/pii/S1477893920300284,Alfonso J. Rodríguez-Morales and Kirsten MacGregor and Sanch Kanagarajah and Dipti Patel and Patricia Schlagenhauf,2020-02-06,2020-02-07,2020-02-08,2 days 00:00:00.000000000,"{'Switzerland', 'Colombia', 'United Kingdom'}"
https://doi.org/10.1016/j.tmaid.2020.101782,Establishing a model for predicting the outcome of COVID-19 based on combination of laboratory tests,Travel Medicine and Infectious Disease,article,http://www.sciencedirect.com/science/article/pii/S1477893920302726,Feng Wang and Hongyan Hou and Ting Wang and Ying Luo and Guoxing Tang and Shiji Wu and Hongmin Zhou and Ziyong Sun,,,2030-12-12,,
https://doi.org/10.1016/j.tmaid.2020.101741,"The epidemiology of reverse transmission of COVID-19 in Gansu Province, China",Travel Medicine and Infectious Disease,article,http://www.sciencedirect.com/science/article/pii/S1477893920302209,Jingchun Fan and Xiaodong Liu and Guojun Shao and Junpin Qi and Yi Li and Weimin Pan and Brett D. Hambly and Shisan Bao,2020-03-23,2020-05-08,2020-05-12,47 days 00:00:00.000000000,{'Norway'}
https://doi.org/10.1016/j.tmaid.2020.101738,"Early treatment of COVID-19 patients with hydroxychloroquine and azithromycin: A retrospective analysis of 1061 cases in Marseille, France",Travel Medicine and Infectious Disease,article,http://www.sciencedirect.com/science/article/pii/S1477893920302179,Matthieu Million and Jean-Christophe Lagier and Philippe Gautret and Philippe Colson and Pierre-Edouard Fournier and Sophie Amrane and Marie Hocquart and Morgane Mailhe and Vera Esteves-Vieira and Barbara Doudier and Camille Aubry and Florian Correard and Audrey Giraud-Gatineau and Yanis Roussel and Cyril Berenger and Nadim Cassir and Piseth Seng and Christine Zandotti and Catherine Dhiver and Isabelle Ravaux and Christelle Tomei and Carole Eldin and Hervé Tissot-Dupont and Stéphane Honoré and Andreas Stein and Alexis Jacquier and Jean-Claude Deharo and Eric Chabrière and Anthony Levasseur and Florence Fenollar and Jean-Marc Rolain and Yolande Obadia and Philippe Brouqui and Michel Drancourt and Bernard La Scola and Philippe Parola and Didier Raoult,2020-05-21,2020-06-30,2020-07-03,41 days 00:00:00.000000000,{'France'}
https://doi.org/10.1016/j.tmaid.2020.101615,Remdesivir as a possible therapeutic option for the COVID-19,Travel Medicine and Infectious Disease,article,http://www.sciencedirect.com/science/article/pii/S1477893920300831,Jaffar A. Al-Tawfiq and Ali H. Al-Homoud and Ziad A. Memish,2030-12-12,2030-12-12,2020-01-06,,{'United Kingdom'}
https://doi.org/10.1016/j.tmaid.2020.101655,COVID-19 is not just a flu. Learn from Italy and act now,Travel Medicine and Infectious Disease,article,http://www.sciencedirect.com/science/article/pii/S147789392030123X,Andrea De Giorgio,2030-12-12,2030-12-12,2020-07-23,,{'Italy'}
https://doi.org/10.1016/j.tmaid.2020.101754,"Comparison of clinical and epidemiological characteristics of asymptomatic and symptomatic SARS-CoV-2 infection: A multi-center study in Sichuan Province, China",Travel Medicine and Infectious Disease,article,http://www.sciencedirect.com/science/article/pii/S1477893920302337,Weifang Kong and Yuting Wang and Jinliang Hu and Aamer Chughtai and Hong Pu,2020-04-20,2020-05-26,2020-05-31,37 days 00:00:00.000000000,"{'China', 'United States'}"
https://doi.org/10.1016/j.tmaid.2020.101640,Inside China and COVID-19: Questions and answers,Travel Medicine and Infectious Disease,article,http://www.sciencedirect.com/science/article/pii/S1477893920301083,Rongmeng Jiang,2020-03-20,2020-03-20,2020-03-23,1 days 00:00:00.000000000,{'China'}
https://doi.org/10.1016/j.tmaid.2020.101742,Time series modelling to forecast the confirmed and recovered cases of COVID-19,Travel Medicine and Infectious Disease,article,http://www.sciencedirect.com/science/article/pii/S1477893920302210,Mohsen Maleki and Mohammad Reza Mahmoudi and Darren Wraith and Kim-Hung Pho,2020-03-09,2020-05-09,2020-05-13,62 days 00:00:00.000000000,"{'Australia', 'Viet Nam', 'Iran, Islamic Republic of'}"
https://doi.org/10.1016/j.tmaid.2020.101656,"COVID-19 and dengue, co-epidemics in Ecuador and other countries in Latin America: Pushing strained health care systems over the edge",Travel Medicine and Infectious Disease,article,http://www.sciencedirect.com/science/article/pii/S1477893920301241,Juan-Carlos Navarro and Jazzmin Arrivillaga-Henríquez and José Salazar-Loor and Alfonso J. Rodriguez-Morales,2020-03-24,2020-03-30,2020-04-05,7 days 00:00:00.000000000,"{'Colombia', 'Ecuador'}"
https://doi.org/10.1016/j.tmaid.2020.101577,Coronavirus 2019-nCoV: Is the genie already out of the bottle?,Travel Medicine and Infectious Disease,article,http://www.sciencedirect.com/science/article/pii/S1477893920300272,Thomas Hanscheid and Emília Valadas and Martin P. Grobusch,2020-02-05,2020-02-06,2020-02-07,2 days 00:00:00.000000000,"{'Netherlands', 'Portugal'}"
https://doi.org/10.1016/j.tmaid.2020.101750,COVID-19 data sources in Latin America and the Caribbean,Travel Medicine and Infectious Disease,article,http://www.sciencedirect.com/science/article/pii/S1477893920302295,Rodrigo M. Carrillo-Larco,2020-04-25,2020-05-20,2020-05-29,26 days 00:00:00.000000000,{'Peru'}
https://doi.org/10.1016/j.tmaid.2020.101625,Comparison of clinical characteristics of coronavirus disease (COVID-19) and severe acute respiratory syndrome (SARS) as experienced in Taiwan,Travel Medicine and Infectious Disease,article,http://www.sciencedirect.com/science/article/pii/S1477893920300934,Yu-Jang Su and Yen-Chun Lai,2020-02-18,2020-03-12,2020-03-14,24 days 00:00:00.000000000,"{'Taiwan, Province of China'}"
https://doi.org/10.1016/j.tmaid.2020.101638,COVID-19: Active measures to support community-dwelling older adults,Travel Medicine and Infectious Disease,article,http://www.sciencedirect.com/science/article/pii/S147789392030106X,Keisuke Kuwahara and Ai Kuroda and Yoshiharu Fukuda,2020-04-06,2020-05-07,2020-05-15,32 days 00:00:00.000000000,{'United States'}
https://doi.org/10.1016/j.tmaid.2020.101737,Potential infectious risk from the pets carrying SARS-CoV-2,Travel Medicine and Infectious Disease,article,http://www.sciencedirect.com/science/article/pii/S1477893920302167,Haizhou Wang and Fan Wang and Hongling Wang and Qiu Zhao,2020-04-07,2020-04-30,2020-05-05,24 days 00:00:00.000000000,{'China'}
https://doi.org/10.1016/j.tmaid.2020.101639,A pregnant woman with COVID-19 in Central America,Travel Medicine and Infectious Disease,article,http://www.sciencedirect.com/science/article/pii/S1477893920301071,Lysien I. Zambrano and Itzel Carolina Fuentes-Barahona and Daysi Anabell Bejarano-Torres and Carolina Bustillo and Gloria Gonzales and Gissela Vallecillo-Chinchilla and Fredal Eduardo Sanchez-Martínez and Jorge Alberto Valle-Reconco and Manuel Sierra and D. Katterine Bonilla-Aldana and Jaime A. Cardona-Ospina and Alfonso J. Rodríguez-Morales,2020-02-19,2020-06-09,2020-07-02,112 days 00:00:00.000000000,"{'China', 'United States'}"
https://doi.org/10.1016/j.tmaid.2020.101812,Hydroxychloroquine safety: A meta-analysis of randomized controlled trials,Travel Medicine and Infectious Disease,article,http://www.sciencedirect.com/science/article/pii/S1477893920303082,Khalid Eljaaly and Kasim Huseein Alireza and Samah Alshehri and Jaffar A. Al-Tawfiq,2020-05-19,2020-06-25,2020-07-06,38 days 00:00:00.000000000,"{'Saudi Arabia', 'United States'}"
https://doi.org/10.1016/j.tmaid.2019.101528,Global commercial passenger airlines and travel health information regarding infection control and the prevention of infectious disease: What's in a website?,Travel Medicine and Infectious Disease,article,http://www.sciencedirect.com/science/article/pii/S1477893919302315,Ramon Z. Shaban and Cristina F. Sotomayor-Castillo and Jeremy Malik and Cecilia Li,,,2030-12-12,,
https://doi.org/10.1016/j.tmaid.2019.101548,Infectious disease symptoms and microbial carriage among French medical students travelling abroad: A prospective study,Travel Medicine and Infectious Disease,article,http://www.sciencedirect.com/science/article/pii/S1477893919302698,Thi Loi Dao and Van Thuan Hoang and Tran Duc Anh Ly and Amal Magmoun and Naomie Canard and Tassadit Drali and Florence Fenollar and Laetitia Ninove and Didier Raoult and Philippe Parola and Johan Courjon and Philippe Gautret,2019-09-25,2019-12-18,2019-12-21,85 days 00:00:00.000000000,"{'Viet Nam', 'France'}"
https://doi.org/10.1016/j.tmaid.2020.101626,Spatial transmission of COVID-19 via public and private transportation in China,Travel Medicine and Infectious Disease,article,http://www.sciencedirect.com/science/article/pii/S1477893920300946,Ruizhi Zheng and Yu Xu and Weiqing Wang and Guang Ning and Yufang Bi,2020-02-14,2020-03-12,2020-03-14,28 days 00:00:00.000000000,{'China'}
https://doi.org/10.1016/j.tmaid.2020.101805,The first pregnant woman with COVID-19 in Venezuela: Pre-symptomatic transmission,Travel Medicine and Infectious Disease,article,http://www.sciencedirect.com/science/article/pii/S147789392030301X,David A. Forero-Peña and Mariana I. Rodríguez and David M. Flora-Noda and Andrea L. Maricuto and Viledy L. Velásquez and Lili M. Soto and Yoel D. Garcia and Francisco A. Ureña and Mariangela Mosqueda and Rommel Franco-Lugo and María V. Marcano and Grismely A. Morillo and Martin Carballo and Jocays Caldera and María Carolyn Redondo and María Eugenia Landaeta,2020-04-21,2020-06-19,2020-06-25,60 days 00:00:00.000000000,"{'Venezuela, Bolivarian Republic of'}"
https://doi.org/10.1016/j.tmaid.2020.101669,Online learning in the time of COVID-19,Travel Medicine and Infectious Disease,article,http://www.sciencedirect.com/science/article/pii/S147789392030137X,Jane Chiodini,2030-12-12,2030-12-12,2020-07-16,,set()
https://doi.org/10.1016/j.tmaid.2020.101643,Probable aircraft transmission of Covid-19 in-flight from the Central African Republic to France,Travel Medicine and Infectious Disease,article,http://www.sciencedirect.com/science/article/pii/S1477893920301125,Carole Eldin and Jean-Christophe Lagier and Morgane Mailhe and Philippe Gautret,2020-03-24,2020-03-25,2020-04-01,2 days 00:00:00.000000000,{'France'}
https://doi.org/10.1016/j.tmaid.2020.101688,Presumptive asymptomatic COVID-19 carriers’ estimation and expected person-to-person spreading among repatriated passengers returning from China,Travel Medicine and Infectious Disease,article,http://www.sciencedirect.com/science/article/pii/S1477893920301563,Aníbal A. Teherán and Gabriel Camero and Ronald Prado and Benjamin Moreno and Harol Trujillo and Rafael A. Ramírez and Diana C. Miranda and Alberto Paníz-Mondolfi and Juan David Ramírez,2020-03-06,2020-04-18,2020-04-21,44 days 00:00:00.000000000,"{'Colombia', 'United States'}"
https://doi.org/10.1016/j.tmaid.2020.101710,Potential repurposing of Favipiravir in COVID-19 outbreak based on current evidence,Travel Medicine and Infectious Disease,article,http://www.sciencedirect.com/science/article/pii/S1477893920301782,Kapil Khambholja and Deepak Asudani,2020-03-12,2020-04-24,2020-04-28,44 days 00:00:00.000000000,"{'India', 'United States'}"
https://doi.org/10.1016/j.tmaid.2020.101758,COVID-19 and the impact on malaria,Travel Medicine and Infectious Disease,article,http://www.sciencedirect.com/science/article/pii/S1477893920302453,Jane Chiodini,2020-05-18,2020-06-18,2020-07-13,32 days 00:00:00.000000000,{'United Kingdom'}
https://doi.org/10.1016/j.tmaid.2020.101712,"Psychosocial impact of COVID-19 outbreak on international students living in Hubei province, China",Travel Medicine and Infectious Disease,article,http://www.sciencedirect.com/science/article/pii/S1477893920301800,Muhammad Fakhar-e-Alam Kulyar and Zeeshan Ahmad Bhutta and Samina Shabbir and Muhammad Akhtar,2020-02-04,2020-04-25,2020-04-26,82 days 00:00:00.000000000,"{'Pakistan', 'China'}"
https://doi.org/10.1016/j.tmaid.2020.101819,"No evidence of clinical benefits of early treatment of COVID-19 patients with hydroxychloroquine and azithromycin: Comment on “Early treatment of COVID-19 patients with hydroxychloroquine and azithromycin: A retrospective analysis of 1061 cases in Marseille, France”",Travel Medicine and Infectious Disease,article,http://www.sciencedirect.com/science/article/pii/S147789392030315X,David Lebeaux and Matthieu Revest,2020-05-21,2020-06-30,2020-07-03,41 days 00:00:00.000000000,{'France'}
https://doi.org/10.1016/j.tmaid.2020.101676,COVID-19: The time for action is just now; It's still not too late,Travel Medicine and Infectious Disease,article,http://www.sciencedirect.com/science/article/pii/S1477893920301447,Alireza Hamidian Jahromi and Samira Mazloom and David H. Ballard,,,2030-12-12,,
https://doi.org/10.1016/j.tmaid.2020.101824,COVID-19 and the impact on travel health advice,Travel Medicine and Infectious Disease,article,http://www.sciencedirect.com/science/article/pii/S1477893920303203,Jane Chiodini,2020-02-19,2020-07-01,2020-07-13,134 days 00:00:00.000000000,{'New Zealand'}
https://doi.org/10.1016/j.tmaid.2020.101645,COVID-19: Travel health and the implications for sub -Saharan Africa,Travel Medicine and Infectious Disease,article,http://www.sciencedirect.com/science/article/pii/S1477893920301149,Oluwatomi Iken and Uzoma Abakporo and Olaniyi Ayobami and Timothy Attoye,2020-03-17,2020-04-02,2020-04-13,17 days 00:00:00.000000000,{'Belgium'}
https://doi.org/10.1016/j.tmaid.2020.101668,False negative rate of COVID-19 is eliminated by using nasal swab test,Travel Medicine and Infectious Disease,article,http://www.sciencedirect.com/science/article/pii/S1477893920301368,Chaojun Xie and Jianyun Lu and Di Wu and Lin Zhang and Hongjun Zhao and Boqi Rao and Zhicong Yang,2020-03-10,2020-04-09,2020-04-11,31 days 00:00:00.000000000,{'China'}
https://doi.org/10.1016/j.tmaid.2020.101727,Primum non nocere: Potential indirect adverse effects of COVID-19 containment strategies in the African region,Travel Medicine and Infectious Disease,article,http://www.sciencedirect.com/science/article/pii/S1477893920302052,Erik Wehrens and James S. Bangura and Abdul M. Falama and Kelfala B.B. Kamara and Jan H. Dubbink and Håkon A. Bolkan and Martin P. Grobusch,2020-04-25,2020-04-27,2020-04-29,3 days 00:00:00.000000000,"{'Netherlands', 'Sierra Leone'}"
https://doi.org/10.1016/j.tmaid.2020.101806,Geographies of risk: Emerging infectious diseases and travel health data,Travel Medicine and Infectious Disease,article,http://www.sciencedirect.com/science/article/pii/S1477893920303021,Nuria Sanchez Clemente and Anna Ramond and Celina Maria Turchi Martelli and Elizabeth B. Brickley,2020-03-24,2020-06-22,2020-06-24,91 days 00:00:00.000000000,"{'United Kingdom', 'Brazil'}"
https://doi.org/10.1016/j.tmaid.2020.101808,COVID-19 and dengue: Pushing the peruvian health care system over the edge,Travel Medicine and Infectious Disease,article,http://www.sciencedirect.com/science/article/pii/S1477893920303045,Angie Z. Vasquez-Chavesta and Cristian Morán-Mariños and Paola K. Rodrigo-Gallardo and Carlos J. Toro-Huamanchumo,2020-04-15,2020-06-22,2020-06-26,69 days 00:00:00.000000000,{'Peru'}
https://doi.org/10.1016/j.tmaid.2020.101761,After the COVID 19 outbreak in Italy: What have we learnt?,Travel Medicine and Infectious Disease,article,http://www.sciencedirect.com/science/article/pii/S1477893920302490,Giuseppe De Filippis and Laura Cavazzana and Marisa Errico and Pietro Olivieri and Elena Parravicini and Rossella Curci and Giovanni De Murtas and Alessandra Gimigliano and Davide Carnevali and Matteo Letzgus and Alessandro Visconti and Silvana Castaldi and Francesco Auxilia,2020-04-01,2020-05-28,2020-06-01,58 days 00:00:00.000000000,{'Italy'}
https://doi.org/10.1016/j.tmaid.2020.101634,Preliminary epidemiological analysis of suspected cases of corona virus infection in Libya,Travel Medicine and Infectious Disease,article,http://www.sciencedirect.com/science/article/pii/S1477893920301022,Mohamed A. Daw,2020-03-16,2020-03-18,2020-03-20,3 days 00:00:00.000000000,{'Libya'}
https://doi.org/10.1016/j.tmaid.2020.101820,"Pathogens associated with respiratory, gastrointestinal and febrile illness in patients consulting at Mbacke healthcare centre during the 2018 Grand Magal of Touba: A preliminary study",Travel Medicine and Infectious Disease,article,http://www.sciencedirect.com/science/article/pii/S1477893920303161,Ndiaw Goumballa and Awa Diop and Van Thuan Hoang and Balla Mbacke Mboup and Adama Aïdara and Laetitia Ninove and Florence Fenollar and Didier Raoult and Philippe Parola and Cheikh Sokhna and Philippe Gautret,,,2030-12-12,,
https://doi.org/10.1016/j.tmaid.2020.101716,Malaria prophylaxis approach during COVID-19 pandemic,Travel Medicine and Infectious Disease,article,http://www.sciencedirect.com/science/article/pii/S1477893920301848,Natalia Rodriguez-Valero and Isabel Vera and Montse Roldan Torralvo and Teresa De Alba and Elisabeth Ferrer and Daniel Camprubi and Alex Almuedo Riera and Ruth Sotil Gallego and Magdalena Muelas and Maria Jesus Pinazo and Jose Muñoz,2020-04-23,2020-04-26,2020-04-29,4 days 00:00:00.000000000,{'Spain'}
https://doi.org/10.1016/j.tmaid.2019.101549,"Travel medicine research in the new millennium: A bibliometric analysis of articles published in Travel Medicine and Infectious Disease, 2003–2019",Travel Medicine and Infectious Disease,article,http://www.sciencedirect.com/science/article/pii/S1477893919302704,Ke En Oh and Gerard Thomas Flaherty,2019-10-29,2019-12-19,2020-01-01,52 days 00:00:00.000000000,"{'Ireland', 'Malaysia'}"
https://doi.org/10.1016/j.tmaid.2020.101684,The vulnerability of low-and middle-income countries facing the COVID-19 pandemic: The case of Haiti,Travel Medicine and Infectious Disease,article,http://www.sciencedirect.com/science/article/pii/S1477893920301526,Jude Mary Cénat,2020-03-28,2020-04-17,2020-04-22,21 days 00:00:00.000000000,{'Canada'}
https://doi.org/10.1016/j.tmaid.2020.101694,COVID-19's final frontier: The central Africa region,Travel Medicine and Infectious Disease,article,http://www.sciencedirect.com/science/article/pii/S1477893920301629,John Ditekemena and Seydou Doumbia and Shahul H. Ebrahim,2020-04-20,2020-04-22,2020-04-30,3 days 00:00:00.000000000,"{'Congo', 'Mali'}"
https://doi.org/10.1016/j.tmaid.2020.101667,What are the factors influencing the COVID-19 outbreak in Latin America?,Travel Medicine and Infectious Disease,article,http://www.sciencedirect.com/science/article/pii/S1477893920301356,Rafael de Freitas e Silva and Raffaela Pitzurra,2020-04-02,2020-04-08,2020-04-11,7 days 00:00:00.000000000,"{'Switzerland', 'Brazil'}"
https://doi.org/10.1016/j.tmaid.2020.101637,"COVID-19: Facemask use prevalence in international airports in Asia, Europe and the Americas, March 2020",Travel Medicine and Infectious Disease,article,http://www.sciencedirect.com/science/article/pii/S1477893920301058,Habida Elachola and Shahul H. Ebrahim and Ernesto Gozzer,2020-03-18,2020-03-19,2020-03-20,2 days 00:00:00.000000000,"{'Peru', 'Mali', 'United States'}"
https://doi.org/10.1016/j.tmaid.2020.101786,Religious tourism and mass religious gatherings — The potential link in the spread of COVID-19. Current perspective and future implications,Travel Medicine and Infectious Disease,article,http://www.sciencedirect.com/science/article/pii/S1477893920302763,Naeem Mubarak and Che Suraya Zin,2020-03-30,2020-06-08,2020-06-09,71 days 00:00:00.000000000,"{'Pakistan', 'Malaysia'}"
https://doi.org/10.1016/j.tmaid.2020.101780,Masks and medical care: Two keys to Taiwan's success in preventing COVID-19 spread,Travel Medicine and Infectious Disease,article,http://www.sciencedirect.com/science/article/pii/S1477893920302702,Vincent Yi-Fong Su and Yung-Feng Yen and Kuang-Yao Yang and Wei-Juin Su and Kun-Ta Chou and Yuh-Min Chen and Diahn-Warng Perng,2020-05-05,2020-06-02,2020-06-04,29 days 00:00:00.000000000,"{'Taiwan, Province of China'}"
https://doi.org/10.1016/j.tmaid.2020.101817,Pausing superspreader events for COVID-19 mitigation: International Hajj pilgrimage cancellation,Travel Medicine and Infectious Disease,article,http://www.sciencedirect.com/science/article/pii/S1477893920303136,Ziad A. Memish and Yusuf Ahmed and Saleh A. Alqahtani and Shahul H. Ebrahim,,,2030-12-12,,
https://doi.org/10.1016/j.tmaid.2020.101609,Vaccine hesitancy in Japan: Is the country well prepared for Tokyo 2020?,Travel Medicine and Infectious Disease,article,http://www.sciencedirect.com/science/article/pii/S1477893920300764,Kazuki Shimizu and Sumire Sorano and Kenji Iwai,2020-02-07,2020-02-25,2020-02-26,19 days 00:00:00.000000000,"{'United Kingdom', 'Japan'}"
https://doi.org/10.1016/j.tmaid.2020.101749,Crushing lopinavir-ritonavir tablets may decrease the efficacy of therapy in COVID-19 patients,Travel Medicine and Infectious Disease,article,http://www.sciencedirect.com/science/article/pii/S1477893920302283,Khalid Eljaaly and Jaffar A. Al-Tawfiq,2020-04-04,2020-05-18,2020-05-28,45 days 00:00:00.000000000,{'United States'}
https://doi.org/10.1016/j.tmaid.2020.101809,Household infection: The predominant risk factor for close contacts of patients with COVID-19,Travel Medicine and Infectious Disease,article,http://www.sciencedirect.com/science/article/pii/S1477893920303057,Hong-jie Yu and Yong-feng Hu and Xiang-xiang Liu and Xi-qing Yao and Qi-fa Wang and Li-ping Liu and Dan Yang and De-jia Li and Pei-gang Wang and Qi-qiang He,2020-03-25,2020-06-22,2020-06-24,90 days 00:00:00.000000000,{'China'}
https://doi.org/10.1016/j.tmaid.2020.101661,COVID-19 pandemic and economic cost; impact on forcibly displaced people,Travel Medicine and Infectious Disease,article,http://www.sciencedirect.com/science/article/pii/S1477893920301290,Mahvish Kabir and Muhammad Sohail Afzal and Aisha Khan and Haroon Ahmed,2020-03-28,2020-04-02,2020-04-06,6 days 00:00:00.000000000,{'Pakistan'}
https://doi.org/10.1016/j.tmaid.2020.101651,Summary of the COVID-19 outbreak in Vietnam – Lessons and suggestions,Travel Medicine and Infectious Disease,article,http://www.sciencedirect.com/science/article/pii/S1477893920301198,Trang H.D. Nguyen and Danh C. Vu,2020-03-25,2020-03-27,2020-04-02,3 days 00:00:00.000000000,"{'Viet Nam', 'United States'}"
https://doi.org/10.1016/j.tmaid.2020.101813,Familial clusters of the 2019 novel coronavirus diseases in Taiwan,Travel Medicine and Infectious Disease,article,http://www.sciencedirect.com/science/article/pii/S1477893920303094,Chia-Yen Dai and Ming-Lung Yu and Yuh-Jyh Jong and Chi-Kung Ho,2020-04-20,2020-06-25,2020-06-29,67 days 00:00:00.000000000,"{'Taiwan, Province of China'}"
https://doi.org/10.1016/j.tmaid.2020.101657,New clinical experiences and evaluation of clinical and paraclinical features of deceased patients with COVID-19 infection referred to Shahid Mostafa Khomeini Hospital of Ilam,Travel Medicine and Infectious Disease,article,http://www.sciencedirect.com/science/article/pii/S1477893920301253,Abas Ghaysouri and Nourkhoda Sadeghifard and Ali Nazari and Gholamreza Kalvandi and Jalil Feizi and Esmail Qasemi and Mohammad reza Kaffashian and Milad Borji and Taleb Kokhazadeh and Hamed Tavan,2020-03-25,2020-03-30,2020-04-07,6 days 00:00:00.000000000,"{'Iran, Islamic Republic of'}"
https://doi.org/10.1016/j.tmaid.2020.101633,Should the Holy Week 2020 be cancelled in Latin America due to the COVID-19 pandemic?,Travel Medicine and Infectious Disease,article,http://www.sciencedirect.com/science/article/pii/S1477893920301010,Alfonso J. Rodriguez-Morales and Ranjit Sah and Alberto Paniz-Mondolfi,2020-03-17,2020-03-18,2020-03-20,2 days 00:00:00.000000000,"{'Colombia', 'Nigeria'}"
https://doi.org/10.1016/j.tmaid.2019.101500,Environmental investigation of respiratory pathogens during the Hajj 2016 and 2018,Travel Medicine and Infectious Disease,article,http://www.sciencedirect.com/science/article/pii/S1477893919302030,Van-Thuan Hoang and Doudou Sow and Khadidja Belhouchat and Thi-Loi Dao and Tran Duc Anh Ly and Florence Fenollar and Saber Yezli and Badriah Alotaibi and Didier Raoult and Philippe Parola and Vincent Pommier de Santi and Philippe Gautret,2019-06-25,2019-10-03,2019-10-07,101 days 00:00:00.000000000,"{'Saudi Arabia', 'Viet Nam', 'France', 'Senegal'}"
